{
  "name": "hahn-applicaton-process-may-2020-ui-app",
  "type": "project:application",
  "paths": {
    "root": "src",
    "resources": "resources",
    "elements": "resources/elements",
    "attributes": "resources/attributes",
    "valueConverters": "resources/value-converters",
    "bindingBehaviors": "resources/binding-behaviors"
  },
  "transpiler": {
    "id": "typescript",
    "fileExtension": ".ts"
  },
  "build": {
    "options": {
      "server": "dev",
      "extractCss": "prod",
      "coverage": false
    }
  },
  "platform": {
    "hmr": false,
    "open": false,
    "port": 8080,
    "host": "localhost",
    "output": "dist"
  },
  "packageManager": "npm"
}