﻿<?xml version="1.0" encoding="utf-8" ?>
<doc>
  <assembly>
    <name>Hahn.ApplicatonProcess.December2020.Web</name>
  </assembly>
  <members>
    <member name="M:Hahn.ApplicatonProcess.December2020.Web.Controllers.Controllers.ApplicantsController.GetApplicant(System.Int32)">
      <summary>
        Get an applicant by his/her id
      </summary>
      <param name="applicantId">The Id of the Applicant </param>
      <returns>an applicant</returns>
    </member>
    <member name="T:Hahn.ApplicatonProcess.December2020.Web.Models.ApplicantDto">
      <summary>
        An applicant Object
      </summary>
    </member>
    <member name="P:Hahn.ApplicatonProcess.December2020.Web.Models.ApplicantDto.Id">
      <summary>
        The Id of an Applicant
      </summary>
    </member>
    <member name="P:Hahn.ApplicatonProcess.December2020.Web.Models.ApplicantDto.Name">
      <summary>
        The Applicant Name
      </summary>
    </member>
    <member name="P:Hahn.ApplicatonProcess.December2020.Web.Models.ApplicantDto.FamilyName">
      <summary>
        The Surname of an Applicant
      </summary>
    </member>
    <member name="P:Hahn.ApplicatonProcess.December2020.Web.Models.ApplicantDto.Address">
      <summary>
        The address of an Applicant
      </summary>
    </member>
    <member name="P:Hahn.ApplicatonProcess.December2020.Web.Models.ApplicantDto.CountryOfOrigin">
      <summary>
        The Country of Origin of an Applicant
      </summary>
    </member>
    <member name="P:Hahn.ApplicatonProcess.December2020.Web.Models.ApplicantDto.EmailAddress">
      <summary>
        The Email address of an Applicant
      </summary>
    </member>
    <member name="P:Hahn.ApplicatonProcess.December2020.Web.Models.ApplicantDto.Age">
      <summary>
        The Age of an Applicant
      </summary>
    </member>
    <member name="P:Hahn.ApplicatonProcess.December2020.Web.Models.ApplicantDto.Hired">
      <summary>
        Employment status of an Applicant (Hired or Not)
      </summary>
    </member>
  </members>
</doc>