{
  "Serilog": {
    "Using": [ "Serilog.Sinks.Console", "Serilog.Sinks.File" ],
    "MinimumLevel": "Debug",
    "WriteTo": [
      { "Name": "Console" },
      {
        "Name": "File",
        "Args": {
          "path": "Logs/log.txt",
          "rollingInterval": "Day",
          "rollOnFileSizeLimit": true,
          "fileSizeLimitBytes": 10000000
        }
      }
    ],
    "Enrich": [ "FromLogContext", "WithMachineName", "WithThreadId" ],
    "Destructure": [
      {
        "Name": "With",
        "Args": { "policy": "Applicant.CustomPolicy, Applicant" }
      },
      {
        "Name": "ToMaximumDepth",
        "Args": { "maximumDestructuringDepth": 4 }
      },
      {
        "Name": "ToMaximumStringLength",
        "Args": { "maximumStringLength": 100 }
      },
      {
        "Name": "ToMaximumCollectionCount",
        "Args": { "maximumCollectionCount": 10 }
      }
    ],
    "Properties": {
      "Application": "Applicant"
    }
  }
}